,Region,Average Spending
0,Asia-Pacific,69.35249999999999
1,Europe,50.05999999999999
2,Middle East and North Africa,61.98823529411764
3,Sub-Saharan Africa,81.55957446808515
4,Americas,69.87812500000001
